<?xml version="1.1" encoding="UTF-8"?>
<expression:EMFExpression xmi:version="2.0" xmlns:xmi="http://www.omg.org/XMI" xmlns:expression="http:///expression.ecore" id="tMap_2=>" expression="Mathematical.INT(TalendDate.formatDate(&quot;MM&quot;,TalendDate.parseDate(&quot;dd/MM/yy&quot;,row19.Order_Date)))">
  <variables name="row19.Region" value="null" talendType="id_String" nullable="true"/>
  <variables name="row19.Country" value="null" talendType="id_String" nullable="true"/>
  <variables name="row19.Item_Type" value="null" talendType="id_String" nullable="true"/>
  <variables name="row19.Sales_Channel" value="null" talendType="id_String" nullable="true"/>
  <variables name="row19.Order_Priority" value="null" talendType="id_String" nullable="true"/>
  <variables name="row19.Order_Date" value="null" talendType="id_String" nullable="true"/>
  <variables name="row19.Order_ID" value="null" talendType="id_Integer" nullable="true"/>
  <variables name="row19.Ship_Date" value="null" talendType="id_String" nullable="true"/>
  <variables name="row19.Units_Sold" value="null" talendType="id_Integer" nullable="true"/>
  <variables name="row19.Unit_Price" value="null" talendType="id_Float" nullable="true"/>
  <variables name="row19.Unit_Cost" value="null" talendType="id_Float" nullable="true"/>
</expression:EMFExpression>
